Re_Sym_01,Re_Sym_02,Re_Sym_03,Re_Sym_04,Re_Sym_05,Re_Sym_06,Re_Sym_07,Re_Sym_08,Re_Sym_09,Re_Sym_10,Re_Sym_11,Re_Sym_12,Re_Sym_13,Re_Sym_14,Re_Sym_15,Re_Sym_16,Re_Sym_17,Re_Sym_18,Re_Sym_19,Re_Sym_20,Re_Sym_21,Re_Sym_22,Re_Sym_23,Re_Sym_24,Re_Sym_25,Re_Sym_26,Re_Sym_27,Re_Sym_28,Re_Sym_29,Re_Sym_30,Re_Sym_31,Re_Sym_32,Re_Sym_33,Re_Sym_34,Re_Sym_35,Re_Sym_36,Im_Sym_01,Im_Sym_02,Im_Sym_03,Im_Sym_04,Im_Sym_05,Im_Sym_06,Im_Sym_07,Im_Sym_08,Im_Sym_09,Im_Sym_10,Im_Sym_11,Im_Sym_12,Im_Sym_13,Im_Sym_14,Im_Sym_15,Im_Sym_16,Im_Sym_17,Im_Sym_18,Im_Sym_19,Im_Sym_20,Im_Sym_21,Im_Sym_22,Im_Sym_23,Im_Sym_24,Im_Sym_25,Im_Sym_26,Im_Sym_27,Im_Sym_28,Im_Sym_29,Im_Sym_30,Im_Sym_31,Im_Sym_32,Im_Sym_33,Im_Sym_34,Im_Sym_35,Im_Sym_36
0.35280705633906,0.356512828201041,0.356502572927741,-0.356136525110689,-0.351135456507441,0.353104632706252,-0.353001433155123,-0.357905369120999,-0.350296324206332,-0.355685962608099,-0.353923275923082,-0.355254991596667,0.356742717827748,-0.35214153467026,0.353942089506053,-0.354344688083205,0.355072870204883,-0.357891951054334,-0.352065018872024,0.349627331499215,0.358322056216426,0.352606026306825,0.358045901182969,0.353265698021247,0.353846787453229,-0.353444188876076,-0.356216981301398,-0.356962770644202,0.355045645020479,-0.354178448311842,-0.354658688831312,0.357491076206109,0.352908700932775,-0.35481486901989,-0.351130038132941,0.353179870043711,-0.354778439663252,0.35391027756357,-0.354293847133915,0.355885790940251,0.351293807051099,-0.352964960256565,-0.356128068712936,-0.351756383095261,-0.353707618859889,0.351557790516688,0.354845061614398,-0.351246453837631,-0.356942301267962,-0.350027547407853,0.351010763318889,0.351536277389426,-0.349856058828421,0.352833733780311,-0.353376312833902,0.352125949857353,0.350774005037704,-0.34993922600086,0.351893524055535,0.357639607960243,0.353859118024128,0.353266982002445,-0.350965029453395,-0.354448185518707,-0.357736236741267,-0.353002494680509,-0.355525333776879,-0.351734545025543,-0.351752354159771,0.353565058962031,-0.353806471962235,-0.354435987324622
-0.35438769377103,-0.355481583439445,-0.351584289542482,0.354425678085081,0.351720569136291,0.354511170695841,0.356144843443603,-0.352570233132752,0.353394504485665,0.354430041017702,0.354900351206329,-0.355398974089594,-0.351195109031994,-0.354501250789318,-0.357251589747255,-0.354036551540834,-0.35234833385075,-0.351625772016674,-0.354818356755711,0.353456890926509,-0.352373233596833,-0.351997143392935,-0.35506731323098,0.355503894105695,0.349972862789269,-0.349833801051551,-0.356752484290975,0.358431387047884,0.351112122143091,0.351599316532801,-0.350183920660508,0.353870014961957,-0.357735800257491,0.355206374968698,0.353119521097168,-0.34935416052277,0.349196668514535,0.359623794451867,-0.358589791557782,-0.354501668935644,-0.351492767845253,0.354690219373258,-0.358129083901468,0.35790525757968,-0.352554889113106,-0.353880184525236,-0.3586686969146,0.35839607694526,-0.356414702552365,-0.351449175855012,0.356565792354652,0.353451884461278,-0.353741208497539,-0.35557501816729,-0.351516191044496,-0.355610443870103,0.354977711748111,-0.35464073797281,0.357722632331548,-0.356876338256404,-0.349717690400509,-0.360141612937202,0.359919228943805,-0.358314583087036,0.355761237427961,-0.355819223453781,0.358413382223141,-0.359818205486379,0.35909007051546,0.351969460939857,0.357947240646266,-0.356267555896428
0.355834416179795,-0.352619550868408,0.356750360523569,-0.354425732051322,-0.357495990724261,-0.353785319751106,-0.353287870088096,-0.357167716982904,0.355400539471327,0.353339214893734,-0.352260461835429,0.35535362217855,0.357639607960243,0.350399019901113,0.355608165582541,-0.35345416274884,-0.358026371583767,-0.353987319515199,0.355610947726451,-0.35805829520665,0.357831740707193,0.356146880937903,-0.353748904082741,-0.358714430780094,0.357967191655747,-0.354326878948977,-0.358050459945186,0.358623327229191,0.354233551076753,-0.357122951772408,-0.354715501636877,0.357909259596168,-0.357665670502262,0.352946705854185,0.355163695480121,0.354132714446348,0.356228132517939,-0.356955021092759,-0.356335728183031,-0.353581026292473,0.354039386574124,0.354303598550868,0.353671991243973,0.357708172333739,0.353973512397459,0.352108280399386,-0.357068248482892,0.356054413380129,-0.356782980429361,0.352514626511493,0.353910473254085,0.357518355356753,-0.356156504599997,0.358582042006339,0.349970638467948,-0.351876272743896,-0.358804478889117,-0.350295665266744,-0.355709243006208,0.353704174665989,-0.350349760956476,0.35361589991132,-0.354427956372643,-0.353335827776477,-0.359234333910488,-0.350232344722834,0.353409344648963,0.355142024005667,0.354884820359663,0.352580893066928,-0.350529863859831,-0.357927711047065
-0.35192101394297,-0.355505018920794,-0.354074589821126,-0.353958067260814,-0.354213758414465,-0.355117961614627,-0.352548109293522,0.356768451058333,-0.354720061475954,0.353689799301341,0.357117426542286,-0.35529729169258,-0.355287317819816,0.357165438695342,0.353591000165237,-0.354831058806144,0.357801902945311,-0.354576991983125,-0.35648026226149,-0.356845797116923,-0.352213550626158,-0.358921452416396,0.357544141476719,0.356906923229682,0.352872234093735,0.356651943905,0.355947191205153,-0.355446327303062,-0.353045592315412,0.352224647876458,-0.35653610967601,-0.3544223454325,-0.351314329879805,-0.355014745579661,0.353393347926787,0.356613804507708,-0.355811027276185,0.356580407435701,-0.353697114008953,-0.350536425564418,-0.35842146714136,0.355595501512946,-0.355638508277631,-0.351969078985407,-0.351986888119635,0.353451884461278,0.354811471976748,-0.355055115036895,-0.352302359191994,-0.352857880590845,0.354829281110976,-0.35785355185791,0.357897508028237,-0.353874214026963,-0.350607160292994,-0.358492201869937,0.355418401494936,-0.354321407685096,-0.354011603567132,-0.355471328166145,0.356972946430068,0.353596418539737,-0.353261620858139,0.353116327043989,0.356711187285801,-0.354223577203989,-0.358183498335056,0.359464784968621,0.349813853306023,-0.352761240027498,-0.355448186367437,0.358211281342048
-0.352173288024545,-0.35898932845857,-0.349835972483491,0.353338555954146,0.353898440285617,-0.351557429600555,0.354849813800917,-0.352244091765638,-0.353918308515549,0.351357350050822,-0.351941536208591,-0.358968906746863,-0.35059384334333,-0.354134279828081,0.351401664294351,0.354337134222277,0.357614930171537,-0.355504451928284,0.355454263681526,0.350498992257473,0.355259440239309,-0.355359864960444,0.358789668117554,0.349937384197074,0.355506172393257,-0.355458160240201,-0.350094169358999,-0.358839904591931,0.356641151594009,-0.358347614902097,-0.350820074269975,-0.353661300049982,0.357772868805925,-0.358990251523635,0.359092193719782,-0.356916600858017,0.356530032361922,-0.354918223654258,-0.353475447336783,0.350330231357275,-0.352284843177324,-0.35837057222583,0.358724404652858,0.354190322933116,0.350328003772,-0.350095645905839,0.353879988834721,-0.357776062859104,0.35636891472063,0.349892284696662,-0.348466914951605,0.34865126066471,0.3583348122331,-0.355370336452499,0.354503092593104,-0.353136360499538,0.35219121906067,-0.357038060871043,-0.352261508812974,-0.358031012792052,0.35636891472063,0.350167182375138,0.357750659256673,0.355280105306064,0.356391071741204,0.354594996807868,0.352274380494487,-0.356717106252696,-0.35280919495036,-0.357048316144342,-0.356204394851156,0.355251503860845
-0.354281145083483,-0.356802205126683,-0.354430180693964,0.358098005724297,-0.358540160056752,-0.352568640906602,0.353786942363033,0.35500932720516,-0.357232932219981,0.355284806359337,0.353815107887561,0.354023383614891,0.353344129411886,0.359067759849209,0.349863585924052,0.355085403765744,-0.353583250613794,-0.35636601691188,-0.355752218739214,0.351828382492737,-0.353301176613442,-0.355105297545032,0.357554115349483,0.353148754384138,0.353889125352441,-0.352318082604303,0.356397186537694,-0.35450147324513,0.352625522724684,-0.356338092180614,-0.352555185357536,-0.359258730298659,-0.349047632904053,0.349206642387299,0.358086216673963,0.355615662723353,-0.358355815420507,0.358742159820845,-0.355541986352228,-0.354130196442385,0.35276568867014,0.357703150959965,-0.355793721998304,0.356676843651083,0.357491076206109,-0.35842683154962,-0.353209569206191,-0.353815608479955,-0.356373713573943,-0.356490428699897,0.354400395821463,-0.352188887883728,0.35545084660945,0.355734409604986,0.358194989682831,0.349188918963092,-0.350268158681805,-0.355922720889283,-0.353283421445454,-0.357071746643033,0.354589141949592,-0.352186764679406,-0.352805981226572,-0.352224802959698,0.354725979365988,-0.357107560602004,-0.354299149908226,-0.3526452480144,-0.352416743141006,0.352751766747128,0.35827815685527,0.353874043897447
-0.349926625067427,-0.3566348082582,-0.351807456924682,0.356577990548737,0.352822501475705,-0.35047871596065,0.351868187825676,-0.351255822737048,-0.355545180405408,0.353475111970007,-0.34937146580065,0.349218374207439,-0.351162681691845,-0.351134898684853,-0.359833980251179,-0.348714299808085,0.350192585977569,-0.352872291323929,-0.355511590767758,0.357006147811561,-0.354056536768765,0.350467065509718,0.357061633094007,0.357789805868225,-0.35842966658291,0.35538900021683,0.354666438382755,-0.357647861368033,-0.352918674805539,0.354933615901522,0.351269099870659,-0.354378223754614,0.356440643192487,-0.351191249955721,0.350401802045022,0.355448551624383,-0.356112623576291,-0.352750762298386,-0.358057791350302,0.357629304459324,-0.352052151584331,-0.354894293640033,-0.355453658708178,0.358358038664968,-0.359502877215154,-0.350460906826422,0.355065416897869,0.356772448734008,-0.355707725531197,0.356742610972126,-0.352411271877125,-0.355146026022155,-0.354185694006937,-0.354104878549975,-0.354086788015211,-0.354360569703626,-0.354963400774024,-0.351373371347505,0.352368701033131,-0.350615553377047,0.352375892761985,0.357655138806909,-0.355305126954045,0.353321210068991,-0.351561836075097,0.353568546697852,-0.354059420029673,0.35585275912519,-0.358829930719167,-0.349277712482652,-0.359941178554842,-0.348785873759786
0.357498407611225,-0.357324035770884,0.353177156912318,-0.357115756779601,-0.35346983639664,-0.355612721080805,0.357853912774042,0.352731733291579,0.358141405148895,-0.356232077304233,-0.350331479225715,-0.35917050951023,-0.35313205465803,-0.35520865325626,0.358164685547004,-0.355929774157817,0.356590381308465,-0.353530354974264,-0.350486189090041,-0.359712727647689,0.358635664022678,-0.35520865325626,-0.353622980879232,-0.355463632580942,0.357048687623876,-0.356189590381299,-0.351427003788163,0.355391054408635,0.357694849324556,-0.357857914790531,-0.35312663628353,-0.355134328420465,-0.35470316484339,-0.355163888045764,0.357111254170718,0.356908595467037,-0.349138736454956,0.349740558889348,-0.352864541772486,-0.35399582306371,0.354094575049057,-0.353614227673965,0.351312275124915,-0.353505507554477,0.354092451844735,0.353973512397459,0.355714027015627,0.350081185908031,0.359250534121062,0.350802123411473,-0.356629335354374,0.355975843390088,0.351686485721729,-0.355032385082808,0.351881309163945,0.355841230295012,-0.357766035020099,0.355055062147515,0.355143801700834,0.352567606072083,0.351959052223262,0.354916605383144,-0.355023445613605,0.355017023867223,0.3525480235835,0.3535225197128,0.350513972097033,-0.349339626810928,-0.357988471902877,0.351878115110766,0.35640464296958,0.351356900160715
-0.355131137631239,0.354513952839751,0.354016052209774,0.353207430594891,-0.350947916741157,0.35456479378904,0.350603966239815,0.35538900021683,-0.354367194439971,-0.354412875416084,0.355128913309917,0.35202649178166,-0.356861842244257,-0.35036376376473,0.352487650904726,-0.354064179464586,0.354624345196593,0.353556155938124,-0.349740505999968,0.348570216696593,-0.350172134375693,-0.355501616894994,0.354354003016381,-0.352552914369422,0.351316171683591,-0.354983338095232,-0.350196812164399,-0.358868021888839,0.356805549561586,0.350015868477094,0.358791892438875,-0.356444103830471,0.357215363879015,0.352689947476333,0.356155851719928,-0.357028793844589,-0.353660164529422,0.355704913432468,-0.352855602303283,-0.353604317114902,0.351267966964892,0.355684295032506,-0.354473690238138,-0.355731749362974,-0.350186556891099,0.350813715555351,0.352845628430519,-0.35295235015321,0.352725565744789,-0.351892837994123,0.353450266190164,0.354707613486032,0.354806519477758,0.354324654627656,-0.353697548852784,-0.357785760309816,-0.3529516433069,0.352214727969935,-0.356038798612403,0.35552523265988,0.353753406691624,-0.354399736881875,0.354003519725773,0.354130297559384,0.355815157328674,0.3496841547291,0.359877629471614,-0.358082357597689,0.352032761661391,-0.352693499320773,0.350940351664689,-0.353035283075871
-0.354942233155917,-0.353570966709688,-0.357526050941955,0.355352634173893,0.354508845257521,-0.353483950885295,-0.355451380420617,0.356541318054343,-0.355451380420617,-0.353483950885295,0.354518819130285,0.355380698581421,-0.357700926638644,-0.353378367588792,-0.353876268218768,0.35064761546025,0.355582660863111,0.354961027428981,0.354354439500157,0.353521485309239,0.355025378392013,-0.356484855242156,0.352039953390245,0.354747482350872,0.355481723115706,-0.35839607694526,0.359601676351258,0.350561930283848,-0.356136907065139,-0.354606728628008,0.357034212219089,-0.355136274605203,0.353886242091532,0.357905065014037,-0.355052783859953,-0.355689209550659,0.355175363986561,-0.355269971934661,0.357602266101941,-0.356902178342611,-0.350448150809749,-0.35647774169574,0.357611581035117,-0.354733980135012,-0.353704110557371,-0.355508862590089,-0.351751881563239,-0.356285056864823,-0.35040357974019,0.352709225857954,0.357843884935037,-0.356227628661591,-0.352105311428456,-0.35284568239676,0.353654543164959,-0.353620560867397,0.353762711200481,-0.351202944293458,-0.354526669798727,-0.358809897263618,-0.349042161640172,0.350237901696736,-0.353852763650318,0.356518439141184,0.355041855099224,-0.351474075601096,0.35224127966691,0.357561810934685,-0.35374343281886,-0.358659242305162,-0.350370902604204,-0.3546502863998
0.355940964867343,-0.35330398871217,-0.35219863930068,-0.3543621890516,-0.357337640180603,-0.35393997672605,-0.351173595904733,-0.355987483761585,-0.350860659945965,0.352140760065832,-0.35065303383475,-0.355204150647377,0.354233636786774,-0.353515428537861,0.351226224691567,-0.353358696265317,0.354132714446348,0.352644213610839,0.358910974687284,0.350561277403779,0.356315345593672,0.35040357974019,-0.352759462332331,-0.356729357336162,0.353119139142718,0.353169657017631,0.351091946963268,-0.351490993414039,0.357254371891165,0.351048297742833,0.352691640819482,0.355062757732717,-0.354859484129804,-0.353360728020995,0.351746642102629,0.352608372530043,-0.352840321034253,0.353816290751759,-0.353902442302106,-0.353890244108021,0.352830851017837,-0.350801464471885,-0.356364466077988,0.356633837963258,-0.351845580914996,0.353656162512933,-0.35410465003882,-0.353126529427908,-0.358175095903544,-0.35233007318647,-0.358756917703028,0.358716655101415,0.353532875540015,0.353775345878342,0.357202973119287,0.352975593068916,-0.35326303721615,0.35065303383475,0.35633640167046,-0.356310531629434,0.352143154018234,-0.353868237266789,0.355085122365209,-0.358736741446345,0.360189625090258,0.348456351512472,0.360022866055569,-0.358786977920722,0.356356435126009,-0.35699445020987,0.351968883294892,-0.354505369803805
-0.353806471962235,-0.354011550677751,-0.355873143354494,-0.349722193009392,-0.359692779902161,0.35793777062985,-0.353207499607408,0.357093249345975,-0.355034885890832,0.354397201768284,-0.356047078711059,-0.349947358069838,-0.358296773952808,0.356529596441231,0.349998702875476,-0.349998702875476,-0.356529596441231,0.358286800080044,0.349909319789546,0.35619389000022,-0.354394977446963,0.353852398393372,-0.353914025098524,0.352439000917876,-0.357352100178412,0.358431387047884,0.351731685776056,-0.350577461130514,0.353485421209547,0.355213465580553,-0.356105595715051,-0.356927344941389,-0.353794634684282,-0.354796996571961,0.353487645530868,0.358417272559229,0.353283507155476,-0.354723702155287,0.355126300732439,-0.356234790435627,-0.356435032252344,0.353693700200831,-0.34991715505101,-0.359028150127665,0.357308450957977,0.356435085141724,-0.35465424018867,-0.355173861918528,0.357044238981234,-0.354437930245407,-0.356802205126683,-0.354283369404804,0.358052217892562,-0.359603900672579,-0.349202342768378,0.351701343080966,0.357647496111087,-0.354981820620221,0.353588387587758,-0.351265882319833,0.352916536194239,-0.355204150647377,-0.349345907114979,0.349853175567512,-0.353076011552995,-0.354372108958123,-0.355908903347224,-0.349641149041274,0.350123517747725,0.35475576423849,-0.35208233919618,0.35621223011262
-0.355029407327503,-0.357785814276056,-0.352219161566301,0.350129128687868,-0.350776787181614,0.356664645456998,0.353461805444662,-0.35390516998134,0.352636686515208,-0.351574315669718,-0.353654553589279,0.351101207930204,0.355674321159742,-0.354354943356505,-0.355582713752492,-0.351356846194474,0.352878412203926,0.355233631412917,-0.353549772172579,0.353030834433229,-0.350729794385844,-0.358696621645866,-0.354170093787052,0.358625551550512,0.349337456455848,-0.349515998802249,0.352965518079153,-0.353634456820029,-0.356540006234686,0.351863250372962,-0.353257565952269,0.353245468875183,0.356178890131726,0.357195181399744,0.353398262444939,0.354364917229269,-0.354791742065076,0.350387054587159,0.358467201006855,-0.355128577943141,0.353413847257846,0.358606177034551,0.350955055580631,-0.357453037925817,-0.349331931225726,0.350432928128915,-0.356275687402321,0.355497168252352,0.354145223432703,-0.35283860056928,0.34949271840414,0.358153761690173,-0.355168235571407,0.353358085553347,0.357670919310331,0.354725475509641,-0.358439136599327,-0.350158827850348,-0.356158411408026,-0.353971288076138,-0.354673769787871,0.356792295362537,-0.352934841657231,-0.351770358984514,-0.355231711198558,-0.353048282512244,-0.358956762519019,-0.351084111701804,-0.351878115110766,0.352677914507866,0.356987501322289,0.355516528220472
-0.350322535772073,0.352713728466837,0.356330760775498,-0.352231893571553,-0.356386919545373,-0.34988139505828,0.351351931676321,-0.357375343094119,-0.350012621534534,-0.355716304226329,-0.353129494969932,0.349836025372872,0.35887344026334,-0.355067817087328,0.353207430594892,0.358125978683181,0.350177241957923,-0.354178347194843,0.357262067476367,0.354180067659816,-0.357152959100722,0.355423873835677,-0.353694301910224,-0.356379184837824,-0.358081853741342,0.359705481952594,-0.35969550807983,0.358119892021634,0.356222399675899,0.353664013181375,-0.354056536768765,0.353809200139903,-0.354662383476885,-0.353154365324281,0.351349654465619,-0.35317981715433,0.355630673016167,0.353455940444008,-0.353893937676734,-0.356679120861785,0.353109165269954,0.353091356135725,0.352401298004361,-0.354725979365988,0.356931065557341,0.354023748871837,0.351770859576908,0.354407922917094,0.358092946369685,-0.357455262247138,-0.35545409355201,0.351403945845866,-0.353588668988294,-0.354051530801968,0.354483059137555,0.355658790313076,0.350955055580631,-0.354515625077105,-0.350439181385727,0.349482744531376,0.355726278099093,0.353687436380619,0.357803623410285,-0.355527121614424,0.355022083221834,-0.356881275709118,-0.355080174780052,-0.356921538310731,0.356184622973766,-0.35875435801493,0.358680895108685,0.353240827666899
0.355834446134614,0.354330073002156,-0.35334852982691,-0.358440552957338,0.354831058806144,-0.352962324025974,0.350722044834401,0.357574344495547,0.356282802588683,-0.356374385984511,-0.349879116770718,0.350923046386808,-0.355325557771022,-0.356477068208311,-0.353714531056288,-0.353459581123341,0.34993932711786,0.357834431402459,0.355698649612256,0.355531890577567,0.357637383638922,0.351256427710395,-0.355502105705066,-0.357198971102798,-0.352956006239521,-0.356540611208033,0.352716540565565,0.355519621719737,0.353108631458787,-0.352524445301017,0.35737756741544,0.350159432823695,0.3556882398188,0.353147585504696,-0.350010901069561,-0.358690815015208,-0.35647270527569,0.355027554485715,-0.354435651957846,-0.355211846232579,0.357561864900926,0.354309069814749,0.35162960526165,-0.354561498618861,0.358149398757553,-0.359272594646592,0.35588867420116,0.354324462062013,0.354717779924438,-0.355527121614424,0.35810792670768,-0.357518301390512,-0.35524257088212,0.351823826994473,-0.352451969322569,-0.358599711464306,0.358145407165384,0.353392194454323,0.354960057697123,0.353126529427908,0.357319688245241,-0.354718283780786,0.352477039198168,-0.356684678912547,0.354971846747457,-0.354579269193827,-0.352717676517084,0.350887567794614,0.35613874943201,-0.357270412677685,-0.353662574116938,0.353767653557093
-0.353890244108021,-0.354124879184884,-0.354551487263695,-0.35320729199549,-0.358613508439668,-0.350589490835028,-0.353250505295233,0.355713109610065,-0.352535778722622,0.357042408396685,-0.35647774169574,-0.349878978171317,-0.359090405882237,-0.351776915785202,-0.35765519277315,0.354086825497614,-0.351028572453117,0.353512646393951,0.354559182848897,0.354263940922602,0.352773020075257,-0.351243158667452,0.35456479378904,0.350899208166111,0.355823410736465,-0.354615083152798,-0.35445810542523,-0.353504896842508,0.351991235645278,-0.357081666549556,-0.350114202814548,0.352917505926097,-0.352917505926097,0.350124176687312,0.357129678702612,-0.352090034781382,-0.357609908797762,0.355553015666872,-0.353745646715862,0.351304632429094,-0.353705384114249,0.354380502042176,-0.354420710677548,0.355537430853965,0.351147654701526,-0.353513150250299,0.353895855048164,-0.35354577015609,0.35265146392789,0.350619358487079,0.358707340168239,-0.356803829096613,0.357683257180678,0.354309069814749,0.351498239109134,-0.353017527907884,-0.354874846486899,-0.354667350884419,-0.354524531187427,0.353848761633829,-0.350534610525929,0.353643964318848,-0.354417982499879,-0.353345801649241,-0.359282346063544,-0.350123571713965,0.353558380259445,0.353971734702292,0.35692956926271,0.354882845615978,-0.350861727708407,-0.357443118019294
-0.359141761112193,-0.350809872962916,0.355466795602443,-0.35271056870929,-0.35271056870929,0.355476769475207,-0.350771834682624,-0.359288572401354,-0.349964663347719,-0.354511224662082,-0.358520073711822,-0.350000141939913,0.353326076359525,-0.353845014098874,0.354513952839751,0.352719954804646,-0.351258550914717,0.353212848969392,0.355693658193301,0.351461141168966,0.353707618859889,-0.351252574717628,-0.354372612814471,0.350841779962879,0.356866782529966,-0.357258873423188,-0.354455881103909,-0.351886808907653,0.354147035844755,-0.357873445637197,0.359123001213522,0.352861658511577,-0.352919644537397,-0.359004254331889,0.358070493400735,-0.355416124284234,-0.357387679887606,0.356619033493401,-0.358230889351823,-0.352211272338596,-0.357942738037383,0.355067313230981,0.354435987324622,0.354631590891689,0.354693849910214,0.35470619712802,0.350468843204886,-0.352382571464571,0.351898560475585,0.352047984342224,0.356313121272351,0.349922627391752,-0.349002348928666,0.349536281914554,0.356280089457289,-0.35742505922831,0.355368166097419,-0.353757844909947,0.35247714605379,-0.356932620514755,0.355257773740576,-0.354867319391268,0.355600469997339,0.351367760407362,0.355104793688684,0.352963394874831,-0.350177193730304,0.350028206347441,0.355196315385913,0.355527456981201,-0.358517383514991,-0.349052081546695
0.351061604268178,0.357883700910497,-0.355398315150006,-0.35510084890239,0.357609823087741,0.353499896614334,-0.354874064493969,-0.352014394704574,-0.351433023872057,-0.357458611383557,-0.355972527435012,-0.353181925875461,-0.355729472152272,-0.352380929182035,0.356714881931375,0.353931472100679,0.35495555508824,0.354039279718503,-0.354955453971241,-0.354957678292562,0.355062757732717,0.35278983498224,0.352633049820315,0.354903748249471,-0.353787388989187,-0.357000202874287,0.351737327169453,0.355287418936816,0.353446879072908,0.358069516947855,0.354301374229547,0.350667563205778,-0.35251890502462,-0.356790453558751,-0.356835853134329,0.356116577365161,0.354959611070969,0.351774861593397,0.351764887720633,0.354911598917913,0.355206840844209,0.352494540166563,0.351961383400205,0.354656518476231,-0.353628984479288,-0.35624471034215,0.352901539158739,0.351883586374647,-0.353015249620322,-0.355686519353827,0.357266622974631,0.354349332416362,0.350772281308778,-0.350871787291192,0.356849362649636,-0.358688590693887,-0.351790222310548,0.349599165974688,-0.348800296275192,-0.358405546961677,0.355281511189159,-0.354457304761369,0.354162062835073,-0.355420679782498,0.359077872321375,0.348549625418455,0.359108161050224,-0.356611283941958,0.357574148805032,-0.355489137300373,0.354495395931042,-0.353998101351272
0.355042528586653,-0.35748304525413,0.356666487823868,0.349720472544419,-0.348658956249912,-0.360042759834856,0.359532830577226,-0.35854961466619,0.354636735956321,-0.352433582543376,0.358006335003346,-0.358593783149951,0.355752340641111,-0.354864591213599,-0.354493919384201,-0.354144253700845,0.355253728182166,0.350351565570645,-0.349881898914628,0.353167618960245,-0.354564692672041,0.354218710913455,0.353025170603706,-0.350490860188495,0.353252559487039,0.355398315150006,-0.35604538536791,-0.358218605447717,-0.350754472174549,-0.354357167677826,0.351861808044571,0.354745704655705,0.356341339123174,-0.352310247342839,-0.355201267386468,0.3539427577931,0.353745710029562,0.354501754645666,-0.353883105268547,0.353361991435495,0.357979167394021,0.35005849507629,-0.354180571516164,0.358386568948007,0.351051630395414,-0.356164690072131,0.353963760980507,-0.351526303516662,-0.355070453317919,0.353239756818041,0.359059962070147,-0.358035014808541,-0.353245383165162,-0.355096290140172,-0.354731229250918,-0.355027050629367,0.357085414084511,0.35591095753903,0.356968891524199,-0.35619181470262,-0.35034145309848,-0.359248810392135,-0.351812729744173,-0.358395627055153,0.357722632331548,-0.353131423046824,0.357034712811483,-0.356356435126009,0.358756689191873,-0.358832261896109,-0.351858463609668,-0.359129728143726
-0.351747216622722,0.349975141076831,0.35701093182098,-0.352090034781382,0.353512646393951,0.355630619049926,0.351387846752291,-0.354946139038064,-0.35134581687983,-0.354501754645665,0.351463264373288,0.355844923863726,-0.355196401095934,-0.351190606423111,-0.356145877847164,0.355567491071659,-0.357119897395491,0.355943862676093,-0.35614091043963,0.35847726058964,-0.358772555405316,0.355898648073924,0.353872434973793,0.354281145083483,-0.354116693149665,0.354877908163264,0.35212150121471,-0.355408863542863,0.350718855122035,-0.350714799139305,0.354316959042454,0.3513793536281,0.356932381361438,0.350475933816741,-0.352622624915934,-0.356865589779211,0.351104701903082,-0.354574767661804,-0.350788815809268,-0.355206374968698,0.355395121096827,0.350020874942325,-0.349823827178787,-0.356752484290975,0.358431387047884,0.351122096015855,0.351647328685857,-0.350292693669377,0.353711005478711,-0.356603549234408,0.353298463482048,0.350771780716383,-0.350076063417257,0.351969600616119,0.357492796671082,0.353828829295279,0.354624345196593,-0.354326878948977,-0.354707613486032,-0.353929906718946,-0.357056161830126,-0.352856846187284,0.353265261537471,-0.351797483051918,-0.353284040966642,0.355615885179165,-0.350668618647658,0.349403223776892,-0.350038180220205,-0.354460383712792,-0.357675421919214,-0.352191097158773
-0.354622120875272,-0.354481439789581,0.353520899801742,-0.349508303217047,0.349246438614967,-0.351200719972137,-0.351036099548748,-0.359722982920989,-0.349747751695063,0.352201520921644,-0.351576093364886,-0.352527943461158,0.355185371218206,-0.351898560475585,-0.354840810223096,-0.35422595660855,-0.353237580724339,-0.357738461062588,-0.353197371012106,-0.355501616894994,0.35736926578003,0.353717725109468,0.354960057697123,0.352800998772764,0.35808585575783,-0.35785441663039,0.353359278304102,0.352841795185543,0.351931180381377,-0.354690165407017,0.358290048099464,0.351081887380483,0.353560557993092,0.351833297010889,-0.352642939772019,-0.35697436278808,0.354329607126646,-0.352014952527163,-0.352651978208557,0.356616028829029,0.353530185343183,-0.355100796013009,-0.3512155307437,-0.354263335949255,-0.357658386826329,0.3541705976434,-0.350844663223788,-0.354706700984368,0.354256090254159,0.353932783920336,-0.355279568268373,-0.351000896301746,0.353116327043989,0.354450462729409,0.354662383476885,-0.355095323672268,-0.350381380333316,0.350331850705249,-0.354882845615978,-0.356409666132315,0.353794777624497,-0.350285913849792,0.349198946802097,0.358850159865231,0.35320734488487,0.354417982499879,-0.353515481427241,0.350938732316715,-0.352739287152508,0.351117451682699,-0.354245834980859,0.358569843812254
-0.35472937640913,0.355937217332388,0.355896954730775,-0.353607099258811,0.351495907932192,0.355201872359815,-0.354660159155564,-0.355582713752492,-0.351051630395414,0.353350861003852,0.354838931410929,-0.353597226503046,-0.354440435967264,-0.354040299075788,-0.357920427371132,-0.354170093787052,0.357849357275779,0.352637987273029,0.357927207190717,0.353197821979073,-0.353384343785881,-0.358177219107866,0.356005796752161,-0.357470847060045,0.354715555603118,0.357283915970405,0.354763567756174,-0.357579620068913,0.355856761141679,-0.356996955931727,-0.355401028281399,0.350701045987807,0.358375593599604,0.353522955633492,0.354697693579509,0.355285194615495,-0.359492567975613,0.358733408793764,0.35192200660939,-0.34956206803452,-0.359431249297212,0.359246903584107,-0.358655055022478,-0.352882546597229,-0.355607249816924,0.358756689191873,-0.359591421077959,0.358020757518752,-0.353449311006147,0.357853998484064,-0.359631683679572,0.360066040232966,-0.358860326303637,-0.353002912826835,-0.356047078711059,0.357442782652517,-0.35449939794753,0.353741655123693,0.3562782999798,-0.35109964254847,-0.358411353592334,-0.353403873385082,0.35498176665398,-0.358441360920648,-0.349389416659152,0.351747130912701,0.358761473201292,-0.359482594102849,0.358716373700879,-0.354636735956321,0.352286771254215,-0.357980494917139
